{
   "name": "basemap order with geometry",
   "source_type": "basemaps",
   "order_type":"partial",
   "products": [
       {
           "mosaic_name": "planet_medres_visual_2015-12_2016-05_mosaic",
           "geometry":{
               "type": "Polygon",
               "coordinates":[
                   [
                       
            [
              123.5339280453387,
              -11.04693595648218,
              0
            ],
            [
              123.5339280453387,
              -10.46956531358262,
              0
            ],
            [
              122.950023110661,
              -10.46956531358262,
              0
            ],
            [
              122.950023110661,
              -11.04693595648218,
              0
            ],
            [
              123.5339280453387,
              -11.04693595648218,
              0
            ]


			
                   ]
               ]
           }
      }
  ],
    "tools": [
      {"merge": {}},
      {"clip": {}}
  ]
}
