{
   "name": "basemap order with geometry",
   "source_type": "basemaps",
   "order_type":"partial",
   "products": [
       {
           "mosaic_name": "planet_medres_visual_2015-12_2016-05_mosaic",
           "geometry":{
               "type": "Polygon",
               "coordinates":[
                   [
                       
            [
              116.5270688292064,
              4.163184946009282,
              0
            ],
            [
              116.5270688292064,
              4.749221770551619,
              0
            ],
            [
              115.9431638945287,
              4.749221770551619,
              0
            ],
            [
              115.9431638945287,
              4.163184946009282,
              0
            ],
            [
              116.5270688292064,
              4.163184946009282,
              0
            ]


			
                   ]
               ]
           }
      }
  ],
    "tools": [
      {"merge": {}},
      {"clip": {}}
  ]
}
