{
   "name": "basemap order with geometry",
   "source_type": "basemaps",
   "order_type":"partial",
   "products": [
       {
           "mosaic_name": "planet_medres_visual_2015-12_2016-05_mosaic",
           "geometry":{
               "type": "Polygon",
               "coordinates":[
                   [
                       
            [
              108.9363046783964,
              2.989845908644329,
              0
            ],
            [
              108.9363046783964,
              3.57670567057526,
              0
            ],
            [
              108.3523997437188,
              3.57670567057526,
              0
            ],
            [
              108.3523997437188,
              2.989845908644329,
              0
            ],
            [
              108.9363046783964,
              2.989845908644329,
              0
            ]
			
                   ]
               ]
           }
      }
  ],
    "tools": [
      {"merge": {}},
      {"clip": {}}
  ]
}
