{
   "name": "basemap order with geometry",
   "source_type": "basemaps",
   "order_type":"partial",
   "products": [
       {
           "mosaic_name": "planet_medres_visual_2015-12_2016-05_mosaic",
           "geometry":{
               "type": "Polygon",
               "coordinates":[
                   [
                       
            [
              117.6948786985618,
              2.989845908644329,
              0
            ],
            [
              117.6948786985618,
              3.57670567057526,
              0
            ],
            [
              117.1109737638841,
              3.57670567057526,
              0
            ],
            [
              117.1109737638841,
              2.989845908644329,
              0
            ],
            [
              117.6948786985618,
              2.989845908644329,
              0
            ]


			
                   ]
               ]
           }
      }
  ],
    "tools": [
      {"merge": {}},
      {"clip": {}}
  ]
}
