{
   "name": "basemap order with geometry",
   "source_type": "basemaps",
   "order_type":"partial",
   "products": [
       {
           "mosaic_name": "planet_medres_visual_2015-12_2016-05_mosaic",
           "geometry":{
               "type": "Polygon",
               "coordinates":[
                   [
                       
            [
              105.4333300826636,
              2.684689641409177,
              0
            ],
            [
              105.4333300826636,
              2.813180535727451,
              0
            ],
            [
              105.3203056848836,
              2.813180535727451,
              0
            ],
            [
              105.3203056848836,
              2.684689641409177,
              0
            ],
            [
              105.4333300826636,
              2.684689641409177,
              0
            ]
			
                   ]
               ]
           }
      }
  ],
    "tools": [
      {"merge": {}},
      {"clip": {}}
  ]
}
