{
   "name": "basemap order with geometry",
   "source_type": "basemaps",
   "order_type":"partial",
   "products": [
       {
           "mosaic_name": "planet_medres_visual_2015-12_2016-05_mosaic",
           "geometry":{
               "type": "Polygon",
               "coordinates":[
                   [
                       
            [
              107.768494809041,
              2.402667830669873,
              0
            ],
            [
              107.768494809041,
              2.989845908644329,
              0
            ],
            [
              107.1845898743634,
              2.989845908644329,
              0
            ],
            [
              107.1845898743634,
              2.402667830669873,
              0
            ],
            [
              107.768494809041,
              2.402667830669873,
              0
            ]
			
                   ]
               ]
           }
      }
  ],
    "tools": [
      {"merge": {}},
      {"clip": {}}
  ]
}
