{
   "name": "basemap order with geometry",
   "source_type": "basemaps",
   "order_type":"partial",
   "products": [
       {
           "mosaic_name": "planet_medres_visual_2015-12_2016-05_mosaic",
           "geometry":{
               "type": "Polygon",
               "coordinates":[
                   [
                       
            [
              97.84211091952034,
              2.402667830669873,
              0
            ],
            [
              97.84211091952034,
              2.989845908644329,
              0
            ],
            [
              97.25820598484269,
              2.989845908644329,
              0
            ],
            [
              97.25820598484269,
              2.402667830669873,
              0
            ],
            [
              97.84211091952034,
              2.402667830669873,
              0
            ]

			
                   ]
               ]
           }
      }
  ],
    "tools": [
      {"merge": {}},
      {"clip": {}}
  ]
}
