{
   "name": "basemap order with geometry",
   "source_type": "basemaps",
   "order_type":"partial",
   "products": [
       {
           "mosaic_name": "planet_medres_visual_2015-12_2016-05_mosaic",
           "geometry":{
               "type": "Polygon",
               "coordinates":[
                   [
                       
            [
              115.9431638945287,
              1.815233779884551,
              0
            ],
            [
              115.9431638945287,
              2.402667830669873,
              0
            ],
            [
              115.359258959851,
              2.402667830669873,
              0
            ],
            [
              115.359258959851,
              1.815233779884551,
              0
            ],
            [
              115.9431638945287,
              1.815233779884551,
              0
            ]

			
                   ]
               ]
           }
      }
  ],
    "tools": [
      {"merge": {}},
      {"clip": {}}
  ]
}
