{
   "name": "basemap order with geometry",
   "source_type": "basemaps",
   "order_type":"partial",
   "products": [
       {
           "mosaic_name": "planet_medres_visual_2015-12_2016-05_mosaic",
           "geometry":{
               "type": "Polygon",
               "coordinates":[
                   [
                       
            [
              106.6006849396857,
              1.227606238439374,
              0
            ],
            [
              106.6006849396857,
              1.815233779884551,
              0
            ],
            [
              106.016780005008,
              1.815233779884551,
              0
            ],
            [
              106.016780005008,
              1.227606238439374,
              0
            ],
            [
              106.6006849396857,
              1.227606238439374,
              0
            ]
			
                   ]
               ]
           }
      }
  ],
    "tools": [
      {"merge": {}},
      {"clip": {}}
  ]
}
