{
   "name": "basemap order with geometry",
   "source_type": "basemaps",
   "order_type":"partial",
   "products": [
       {
           "mosaic_name": "planet_medres_visual_2015-12_2016-05_mosaic",
           "geometry":{
               "type": "Polygon",
               "coordinates":[
                   [
                       
            
            [
              103.6811602662973,
              0.6398477937191371,
              0
            ],
            [
              103.6811602662973,
              1.227606238439374,
              0
            ],
            [
              103.0972553316196,
              1.227606238439374,
              0
            ],
            [
              103.0972553316196,
              0.6398477937191371,
              0
            ],
            [
              103.6811602662973,
              0.6398477937191371,
              0
            ]
			
                   ]
               ]
           }
      }
  ],
    "tools": [
      {"merge": {}},
      {"clip": {}}
  ]
}
