{
   "name": "basemap order with geometry",
   "source_type": "basemaps",
   "order_type":"partial",
   "products": [
       {
           "mosaic_name": "planet_medres_visual_2015-12_2016-05_mosaic",
           "geometry":{
               "type": "Polygon",
               "coordinates":[
                   [
                       
            [
              128.7890724574379,
              0.6398477937191371,
              0
            ],
            [
              128.7890724574379,
              1.227606238439374,
              0
            ],
            [
              128.2051675227602,
              1.227606238439374,
              0
            ],
            [
              128.2051675227602,
              0.6398477937191371,
              0
            ],
            [
              128.7890724574379,
              0.6398477937191371,
              0
            ]
                   ]
               ]
           }
      }
  ],
    "tools": [
      {"merge": {}},
      {"clip": {}}
  ]
}
