{
   "name": "basemap order with geometry",
   "source_type": "basemaps",
   "order_type":"partial",
   "products": [
       {
           "mosaic_name": "planet_medres_visual_2015-12_2016-05_mosaic",
           "geometry":{
               "type": "Polygon",
               "coordinates":[
                   [
                       
            
            [
              100.7616355929088,
              0.0520211043262675,
              0
            ],
            [
              100.7616355929088,
              0.6398477937191371,
              0
            ],
            [
              100.1777306582311,
              0.6398477937191371,
              0
            ],
            [
              100.1777306582311,
              0.0520211043262675,
              0
            ],
            [
              100.7616355929088,
              0.0520211043262675,
              0
            ]
			
                   ]
               ]
           }
      }
  ],
    "tools": [
      {"merge": {}},
      {"clip": {}}
  ]
}
