{
   "name": "basemap order with geometry",
   "source_type": "basemaps",
   "order_type":"partial",
   "products": [
       {
           "mosaic_name": "planet_medres_visual_2015-12_2016-05_mosaic",
           "geometry":{
               "type": "Polygon",
               "coordinates":[
                   [
                       
            [
              121.7822132413056,
              -0.5358111339926608,
              0
            ],
            [
              121.7822132413056,
              0.0520211043262675,
              0
            ],
            [
              121.1983083066279,
              0.0520211043262675,
              0
            ],
            [
              121.1983083066279,
              -0.5358111339926608,
              0
            ],
            [
              121.7822132413056,
              -0.5358111339926608,
              0
            ]
                   ]
               ]
           }
      }
  ],
    "tools": [
      {"merge": {}},
      {"clip": {}}
  ]
}
