{
   "name": "basemap order with geometry",
   "source_type": "basemaps",
   "order_type":"partial",
   "products": [
       {
           "mosaic_name": "planet_medres_visual_2015-12_2016-05_mosaic",
           "geometry":{
               "type": "Polygon",
               "coordinates":[
                   [
                       
            [
              113.6075441558179,
              -1.12358622247043,
              0
            ],
            [
              113.6075441558179,
              -0.5358111339926608,
              0
            ],
            [
              113.0236392211403,
              -0.5358111339926608,
              0
            ],
            [
              113.0236392211403,
              -1.12358622247043,
              0
            ],
            [
              113.6075441558179,
              -1.12358622247043,
              0
            ]
                   ]
               ]
           }
      }
  ],
    "tools": [
      {"merge": {}},
      {"clip": {}}
  ]
}
