{
   "name": "basemap order with geometry",
   "source_type": "basemaps",
   "order_type":"partial",
   "products": [
       {
           "mosaic_name": "planet_medres_visual_2015-12_2016-05_mosaic",
           "geometry":{
               "type": "Polygon",
               "coordinates":[
                   [
                       
            [
              125.2856428493718,
              -1.711241493446798,
              0
            ],
            [
              125.2856428493718,
              -1.12358622247043,
              0
            ],
            [
              124.701737914694,
              -1.12358622247043,
              0
            ],
            [
              124.701737914694,
              -1.711241493446798,
              0
            ],
            [
              125.2856428493718,
              -1.711241493446798,
              0
            ]
                   ]
               ]
           }
      }
  ],
    "tools": [
      {"merge": {}},
      {"clip": {}}
  ]
}
