{
   "name": "basemap order with geometry",
   "source_type": "basemaps",
   "order_type":"partial",
   "products": [
       {
           "mosaic_name": "planet_medres_visual_2015-12_2016-05_mosaic",
           "geometry":{
               "type": "Polygon",
               "coordinates":[
                   [
                       
            [
              126.4534527187271,
              -2.298714344454116,
              0
            ],
            [
              126.4534527187271,
              -1.711241493446798,
              0
            ],
            [
              125.8695477840494,
              -1.711241493446798,
              0
            ],
            [
              125.8695477840494,
              -2.298714344454116,
              0
            ],
            [
              126.4534527187271,
              -2.298714344454116,
              0
            ]
			
                   ]
               ]
           }
      }
  ],
    "tools": [
      {"merge": {}},
      {"clip": {}}
  ]
}
