<?xml version="1.0" encoding="UTF-8"?>
<metadata xml:lang="en"><Esri><CreaDate>20240815</CreaDate><CreaTime>15435100</CreaTime><ArcGISFormat>1.0</ArcGISFormat><SyncOnce>TRUE</SyncOnce><DataProperties><lineage><Process ToolSource="c:\program files (x86)\arcgis\desktop10.7\ArcToolbox\Toolboxes\Cartography Tools.tbx\GridIndexFeatures" Date="20240330" Time="041028">GridIndexFeatures C:\Users\andif\Desktop\AOI_INDO\TEST.shp equal_area INTERSECTFEATURE NO_USEPAGEUNIT # "65 Kilometers" "65 Kilometers" "-6131189,65329104 -1229247,80326071" # # # NO_LABELFROMORIGIN</Process></lineage></DataProperties></Esri></metadata>
